Id,Reaction,External ids,SLSQP,Type,Value,Stdev, lb,ub,Atom_mapping,Reversible
RSS,,,462854.64294018736
Thres,,,38.885138659830055
p_value,,,0.0
Id,Reaction,External ids,SLSQP,Type,Value,Stdev, lb,ub,Atom_mapping,Reversible
r1,SubsGlc-->G6P,(kegg:R02848),1.963845010067359e-14,fixed,0.0,1.0,0.0001,1000.0,ABCDEF-->ABCDEF,no
r2,G6P-->F6P,(kegg:R00771f),259.6113377287067,free,1.0,1.0,0.0001,1000.0,ABCDEF-->ABCDEF,no
r3,F6P-->G6P,(kegg:R00771r),272.10571513743054,free,1.0,1.0,0.0001,1000.0,ABCDEF-->ABCDEF,no
r4,F6P-->FBP,(kegg:R00756),791.7166875897465,free,1.0,1.0,0.0001,1000.0,ABCDEF-->ABCDEF,no
r5,FBP-->F6P,(kegg:R01068f),800.2702551902569,free,1.0,1.0,0.0001,1000.0,ABCDEF-->ABCDEF,no
r6,FBP-->DHAP+GAP,(kegg:R01068r),567.1963021375113,free,1.0,1.0,0.0001,1000.0,ABCDEF-->CBA+DEF,no
r7,DHAP+GAP-->FBP,(kegg:R01015f),575.7498697380217,free,1.0,1.0,0.0001,1000.0,CBA+DEF-->ABCDEF,no
r8,DHAP-->GAP,(kegg:R01015r),695.360110613278,free,1.0,1.0,0.0001,1000.0,ABC-->ABC,no
r9,GAP-->DHAP,(kegg:R01061f),704.5116181777885,free,1.0,1.0,0.0001,1000.0,ABC-->ABC,no
r10,GAP-->PGA,(kegg:R01061r),380.9596315287918,free,1.0,1.0,0.0001,1000.0,ABC-->ABC,no
r11,PGA-->GAP,(kegg:R01512f),397.22430707030236,free,1.0,1.0,0.0001,1000.0,ABC-->ABC,no
r12,PGA-->PEP,(kegg:R01512r),617.6888716446465,free,1.0,1.0,0.0001,1000.0,ABC-->ABC,no
r13,PEP-->PGA,(kegg:R00200),640.873891112157,free,1.0,1.0,0.0001,1000.0,ABC-->ABC,no
r14,PEP-->Pyr,(kegg:R01196),668.8873557988372,free,1.0,1.0,0.0001,1000.0,ABC-->ABC,no
r15,Pyr-->PEP,(kegg:R00351),833.0818907030048,free,1.0,1.0,0.0001,1000.0,ABC-->ABC,no
r16,Pyr-->AcCOA+CO2in,(kegg:R00709f),100.30059680549573,free,1.0,1.0,0.0001,1000.0,ABC-->BC+A,no
r17,AcCOA+Oxa-->IsoCit,(kegg:R00709r),33.188384103469055,free,1.0,1.0,0.0001,1000.0,AB+CDEF-->FEDBAC,no
r18,IsoCit-->aKG+CO2in,(kegg:R01197),5.041875684363443,free,1.0,1.0,0.0001,1000.0,ABCDEF-->ABCDE+F,no
r19,aKG-->Suc+CO2in,(kegg:R02164f),0.040965395363443236,free,1.0,1.0,0.0001,1000.0,ABCDE-->BCDE+A,no
r20,Suc-->Fum,(kegg:R02164r),925.0921409925643,free,1.0,1.0,0.0001,1000.0,ABCD-->ABCD,no
r21,Fum-->Suc,(kegg:R01082f),896.9046671780951,free,1.0,1.0,0.0001,1000.0,ABCD-->ABCD,no
r22,Fum-->Mal,(kegg:R01082r),904.4314704959436,free,1.0,1.0,0.0001,1000.0,ABCD-->ABCD,no
r23,Mal-->Fum,(kegg:R00343f),876.2439966814745,free,1.0,1.0,0.0001,1000.0,ABCD-->ABCD,no
r24,Mal-->Oxa,(kegg:R00343r),66.89342048291229,free,1.0,1.0,0.0001,1000.0,ABCD-->ABCD,no
r25,Oxa-->Mal,(kegg:R00344),163.0996838931002,free,1.0,1.0,0.0001,1000.0,ABCD-->ABCD,no
r26,IsoCit+AcCOA-->Mal+Suc,(kegg:R00216),28.14650841910568,free,1.0,1.0,0.0001,1000.0,ABCDEF+GH-->ABHG+FCDE,no
r27,G6P-->m6PG,(kegg:R00835),11.544162736723862,free,1.0,1.0,0.0001,1000.0,ABCDEF-->ABCDEF,no
r28,m6PG-->Ru5P+CO2in,(kegg:R01528),11.401833197320144,free,1.0,1.0,0.0001,1000.0,ABCDEF-->BCDEF+A,no
r29,Ru5P-->R5P,(kegg:R01056f),140.54652967443303,free,1.0,1.0,0.0001,1000.0,ABCDE-->ABCDE,no
r30,R5P-->Ru5P,(kegg:R01056r),133.41414150632627,free,1.0,1.0,0.0001,1000.0,ABCDE-->ABCDE,no
r31,Ru5P-->Xu5P,(kegg:R01529f),88.75469898079295,free,1.0,1.0,0.0001,1000.0,ABCDE-->ABCDE,no
r32,Xu5P-->Ru5P,(kegg:R01529r),84.48525395157958,free,1.0,1.0,0.0001,1000.0,ABCDE-->ABCDE,no
r33,R5P+Xu5P-->S7P+GAP,(kegg:R01641f),711.0002333207722,free,1.0,1.0,0.0001,1000.0,ABCDE+FGHIJ-->FGABCDE+HIJ,no
r34,GAP+S7P-->Xu5P+R5P,(kegg:R01641r),708.0288583756654,free,1.0,1.0,0.0001,1000.0,HIJ+FGABCDE-->FGHIJ+ABCDE,no
r35,GAP+S7P-->F6P+E4P,(kegg:R08575f),692.4091179728366,free,1.0,1.0,0.0001,1000.0,ABC+DEFGHIJ-->DEFABC+GHIJ,no
r36,E4P+F6P-->S7P+GAP,(kegg:R08575r),689.4377430277299,free,1.0,1.0,0.0001,1000.0,GHIJ+DEFABC-->DEFGHIJ+ABC,no
r37,E4P+Xu5P-->F6P+GAP,(kegg:R01067f),130.40028684208576,free,1.0,1.0,0.0001,1000.0,ABCD+EFGHI-->EFABCD+GHI,no
r38,GAP+F6P-->Xu5P+E4P,(kegg:R01067r),129.10221675797908,free,1.0,1.0,0.0001,1000.0,GHI+EFABCD-->EFGHI+ABCD,no
r39,m6PG-->Pyr+GAP,(kegg:R00703),0.1423295394037165,free,1.0,1.0,0.0001,1000.0,ABCDEF-->ABC+DEF,no
r40,PEP+CO2in-->Oxa,(kegg:Lacex),529.0308923018337,free,1.0,1.0,0.0001,1000.0,ABC+D-->ABCD,no
r41,Oxa-->PEP+CO2in,(kegg:SubsGln),391.3545445251767,free,1.0,1.0,0.0001,1000.0,ABCD-->ABC+D,no
r42,Mal-->Pyr+CO2in,(kegg:R00253),152.54024564376266,free,1.0,1.0,0.0001,1000.0,ABCD-->ABC+D,no
r49,AcCOA-->Acetate,(kegg:Aspex),0.0001841154240906917,free,1.0,1.0,0.0001,1000.0,AB-->AB,no
r50,Acetate-->Acetateex,(kegg:R00483),0.0001841154240906917,fitting,36.81200288,2.817618538,0.0001,1000.0,nd,no
r56,SubsCO2-->CO2in,(kegg:SubsVal),96.17789902575403,free,1.0,1.0,0.0001,1000.0,A-->A,no
r57,CO2in-->CO2ex,(kegg:Glu),3.3326219799056784,free,1.0,1.0,0.0001,1000.0,nd,no
r58,Pyr-->Ala,(kegg:Arg),10.0,pseudo,1.0,1.0,0.0001,1000.0,ABC-->ABC,no
r59,Oxa-->Asp,(kegg:R00352),10.0,pseudo,1.0,1.0,0.0001,1000.0,ABCD-->ABCD,no
r60,Oxa-->Thr,(kegg:BiomassAcCoA),10.0,pseudo,1.0,1.0,0.0001,1000.0,ABCD-->ABCD,no
r61,aKG-->Glu,(kegg:BiomassG6P),10.0,pseudo,1.0,1.0,0.0001,1000.0,ABCDE-->ABCDE,no
r62,E4P+PEP+PEP-->Phe,(kegg:BiomassR5P),10.0,pseudo,1.0,1.0,0.0001,1000.0,ABCD+EFG+HIJ-->EFGIJABCD,no
r63,E4P+PEP+PEP-->Tyr,(kegg:BiomassDHAP),10.0,pseudo,1.0,1.0,0.0001,1000.0,ABCD+EFG+HIJ-->EFGIJABCD,no
r64,Oxa+Pyr-->Ile,(kegg:R01513),10.0,pseudo,1.0,1.0,0.0001,1000.0,ABCD+EFG-->ABFGCD,no
r65,AcCOA+Pyr+Pyr-->Leu,(kegg:BiomassAla),10.0,pseudo,1.0,1.0,0.0001,1000.0,AB+CDE+FGH-->ABDEGH,no
r66,Pyr+Pyr-->Val,(kegg:BiomassAsp),10.0,pseudo,1.0,1.0,0.0001,1000.0,ABC+DEF-->ABECF,no
r67,PGA-->Ser,(kegg:BiomassAsn),4.301459587,free,1.0,1.0,0.0001,1000.0,ABC-->ABC,no
r68,Ser-->Gly+MEETHF,(kegg:Glu2),753.0613860697496,free,1.0,1.0,0.0001,1000.0,ABC-->AB+C,no
r69,Gly+MEETHF-->Ser,(kegg:BiomassGln),750.3637034407495,free,1.0,1.0,0.0001,1000.0,AB+C-->ABC,no
r72,G6P-->Biomass,(kegg:BiomassLeu),0.950214672,fixed,0.950214672,1.0,0.0001,1000.0,nd,no
r73,F6P-->Biomass,(kegg:BiomassIle),0.328635221,fixed,0.328635221,1.0,0.0001,1000.0,nd,no
r74,DHAP-->Biomass,(kegg:BiomassVal),0.597939964,fixed,0.597939964,1.0,0.0001,1000.0,nd,no
r75,PGA-->Biomass,(kegg:CO2ex),2.618884339,fixed,2.618884339,1.0,0.0001,1000.0,nd,no
r76,Ser-->Biomass,(kegg:SubsCO2),1.603776958,fixed,1.603776958,1.0,0.0001,1000.0,nd,no
r77,Gly-->Biomass,(keggPGAex),2.697682629,fixed,2.697682629,1.0,0.0001,1000.0,nd,no
r78,MEETHF-->Biomass,(kegg:FAex),3.1472964,fixed,3.1472964,1.0,0.0001,1000.0,nd,no
r79,PEP-->Biomass,(kegg:MAL_cyt),3.33316766,fixed,3.33316766,1.0,0.0001,1000.0,nd,no
r80,Pyr-->Biomass,(kegg:MAL_cyt),13.13150324,fixed,13.13150324,1.0,0.0001,1000.0,nd,no
r81,AcCOA-->Biomass,(kegg:OXA_cyt),13.57184663,fixed,13.57184663,1.0,0.0001,1000.0,nd,no
r82,aKG-->Biomass,(kegg:OXA_cyt),5.000910289,fixed,5.000910289,1.0,0.0001,1000.0,nd,no
r83,Oxa-->Biomass,(kegg:ATP),8.281700263,fixed,8.281700263,1.0,0.0001,1000.0,nd,no
r84,R5P-->Biomass,(kegg:NADH),4.161013223,fixed,4.161013223,1.0,0.0001,1000.0,nd,no
r85,E4P-->Biomass,(kegg:NADPH),1.673304861,fixed,1.673304861,1.0,0.0001,1000.0,nd,no
r86,Ala-->Alaex,(kegg:Arg),10.0,fixed,10.0,1.0,0.0001,1000.0,nd,no
r87,Asp-->Aspex,(kegg:R00352),10.0,fixed,10.0,1.0,0.0001,1000.0,nd,no
r88,Thr-->Threx,(kegg:BiomassAcCoA),10.0,fixed,10.0,1.0,0.0001,1000.0,nd,no
r89,Glu-->Gluex,(kegg:BiomassG6P),10.0,fixed,10.0,1.0,0.0001,1000.0,nd,no
r90,Phe-->Pheex,(kegg:BiomassR5P),10.0,fixed,10.0,1.0,0.0001,1000.0,nd,no
r91,Tyr-->Tyrex,(kegg:BiomassDHAP),10.0,fixed,10.0,1.0,0.0001,1000.0,nd,no
r92,Ile-->Ileex,(kegg:R01513),10.0,fixed,10.0,1.0,0.0001,1000.0,nd,no
r93,Leu-->Leuex,(kegg:BiomassAla),10.0,fixed,10.0,1.0,0.0001,1000.0,nd,no
r94,Val-->Valex,(kegg:BiomassAsp),10.0,fixed,10.0,1.0,0.0001,1000.0,nd,no
r104,Subsmeoh-->meoh,(kegg:MTI/MTII),100.0,fixed,100.0,1.0,0.0001,1000.0,A-->A,no
r105,meoh-->METHF,(kegg:TBD),100.0,free,1.0,1.0,0.0001,1000.0,A-->A,no
r106,METHF-->MEETHF,(kegg:TBD),688.5129859583905,free,1.0,1.0,0.0001,1000.0,A-->A,no
r107,MEETHF-->METHF,(kegg:TBD),688.0633721873905,free,1.0,1.0,0.0001,1000.0,A-->A,no
r108,CO2in+METHF-->AcCOA,(kegg:TBD),99.550386229,free,1.0,1.0,0.0001,1000.0,A+B-->AB,no
r109,AcCOA+CO2in-->Pyr,(kegg:R00709f),124.9440597664968,free,1.0,1.0,0.0001,1000.0,BC+A-->ABC,no
PGI,r2<=>r3,(kegg:R00771),-12.494377408723839,free,1.0,1.0,-300.0,300.0,,
FBA,r4<=>r5,(kegg:R01068),-8.553567600510453,free,1.0,1.0,-300.0,300.0,,
TPI,r8<=>r9,(kegg:R01015),-9.151507564510453,free,1.0,1.0,-300.0,300.0,,
GAPDH,r10<=>r11,(kegg:R01061),-16.264675541510503,free,1.0,1.0,-300.0,300.0,,
PEPH,r12<=>r13,(kegg:R01512),-23.185019467510504,free,1.0,1.0,-300.0,300.0,,
SDH,r20<=>r21,(kegg:R02164),28.18747381446915,free,1.0,1.0,-300.0,300.0,,
MDH,r24<=>r25,(kegg:R00342),-96.20626341018784,free,1.0,1.0,-300.0,300.0,,
RPI,r29<=>r30,(kegg:R01056),7.132388168106749,free,1.0,1.0,-300.0,300.0,,
RBE,r31<=>r32,(kegg:R01529),4.269445029213394,free,1.0,1.0,-300.0,300.0,,
TKT1,r33<=>r34,(kegg:R01641),2.971374945106697,free,1.0,1.0,-300.0,300.0,,
TAL,r35<=>r36,(kegg:R08575),2.971374945106697,free,1.0,1.0,-300.0,300.0,,
TKT2,r37<=>r38,(kegg:R01067),1.2980700841066966,free,1.0,1.0,-300.0,300.0,,
FH,r22<=>r23,(kegg:R01082),28.18747381446915,free,1.0,1.0,-300.0,300.0,,
THF,r106<=>r107,(kegg:TBD),0.4496137710000001,free,1.0,1.0,-300.0,300.0,,
PFOR,r16<=>r109,(kegg:R00709f),-24.643462961001088,free,1.0,1.0,-300.0,300.0,,
Experiment,Fragment_Num,Time,SLSQP,Use,Ratio,Stdev
ex1,AlaMes_0,0,0.08931290350482447,1,0.171140607,0.003942274
ex1,AlaMes_1,0,0.3948534162384281,1,0.36655829,0.004095035
ex1,AlaMes_2,0,0.4530766772220034,1,0.395504987,0.003461009
ex1,AlaMes_3,0,0.06275700303473998,1,0.066796116,0.001922232
ex1,AspMes_0,0,0.021243554842252765,1,0.049144487,0.001500662
ex1,AspMes_1,0,0.1628502672154698,1,0.228266841,0.001263311
ex1,AspMes_2,0,0.40842043805549566,1,0.39034445,0.004701597
ex1,AspMes_3,0,0.3568781701622761,1,0.289872895,0.004911006
ex1,AspMes_4,0,0.05060756972450018,1,0.042371391,0.000752455
ex1,GluMes_0,0,0.02013907228545958,1,0.028057926,0.00130279
ex1,GluMes_1,0,0.15337302850757234,1,0.152166879,0.009560901
ex1,GluMes_2,0,0.3872400308385853,1,0.434383272,0.003472451
ex1,GluMes_3,0,0.3562627129857272,1,0.308256942,0.004261131
ex1,GluMes_4,0,0.07860118820104998,1,0.07044202,0.002913858
ex1,GluMes_5,0,0.004383967181598689,1,0.006692948,0.000356861
ex1,GlyMes_0,0,0.15942440538003616,1,0.207877356,0.024616888
ex1,GlyMes_1,0,0.5093694615063382,1,0.430552914,0.028520617
ex1,GlyMes_2,0,0.33120613311360997,1,0.361566924,0.013361463
ex1,IleMes_0,0,0.006834155208528525,1,0.041363462,0.000744369
ex1,IleMes_1,0,0.06479001165562807,1,0.220927656,0.003299511
ex1,IleMes_2,0,0.22845890714852296,1,0.353566345,0.002073755
ex1,IleMes_3,0,0.36861419338802986,1,0.274680449,0.003129238
ex1,IleMes_4,0,0.2632240439664639,1,0.093198008,0.000265459
ex1,IleMes_5,0,0.06329246808544854,1,0.014998049,0.000450374
ex1,IleMes_6,0,0.0047862205473693025,1,0.001266068,4.41059e-05
ex1,PheMes_0,0,0.001234264324397921,1,0.006844172,0.011854454
ex1,PheMes_1,0,0.014074604402834279,1,0.047854948,0.003119743
ex1,PheMes_2,0,0.06784078650879649,1,0.127898698,0.003279243
ex1,PheMes_3,0,0.17925659525251475,1,0.223633308,0.002790501
ex1,PheMes_4,0,0.28119612103203373,1,0.275652343,0.003160414
ex1,PheMes_5,0,0.26463006729224153,1,0.205428647,0.003080318
ex1,PheMes_6,0,0.14386293398745456,1,0.089147702,0.001586483
ex1,PheMes_7,0,0.04166416681441045,1,0.020496078,0.000762428
ex1,PheMes_8,0,0.005916811162706438,1,0.002798793,0.000216208
ex1,PheMes_9,0,0.00032364922259745893,1,0.000245349,4.19069e-05
ex1,SerMes_0,0,0.1550932219950094,1,0.194448405,0.005561764
ex1,SerMes_1,0,0.5000100716232905,1,0.390870552,0.008310146
ex1,SerMes_2,0,0.33624912670021506,1,0.35548474,0.003290603
ex1,SerMes_3,0,0.008647579681470384,1,0.059196551,0.000929826
ex1,ThrMes_0,0,0.021243554842252765,1,0.051675821,0.001553637
ex1,ThrMes_1,0,0.16285026721546977,1,0.246020165,0.001322536
ex1,ThrMes_2,0,0.40842043805549555,1,0.385944247,0.003285175
ex1,ThrMes_3,0,0.3568781701622761,1,0.281747311,0.003288289
ex1,ThrMes_4,0,0.05060756972450018,1,0.034612587,0.002912313
ex1,TyrMes_0,0,0.001234264324397921,1,0.020194239,0.001905595
ex1,TyrMes_1,0,0.014074604402834279,1,0.0456291,0.001256039
ex1,TyrMes_2,0,0.06784078650879649,1,0.125455464,0.002898487
ex1,TyrMes_3,0,0.17925659525251475,1,0.21522188,0.004753722
ex1,TyrMes_4,0,0.28119612103203373,1,0.261549352,0.003778459
ex1,TyrMes_5,0,0.26463006729224153,1,0.208664491,0.002737641
ex1,TyrMes_6,0,0.14386293398745456,1,0.093605233,0.001279522
ex1,TyrMes_7,0,0.04166416681441045,1,0.025454851,0.000947533
ex1,TyrMes_8,0,0.005916811162706438,1,0.00387081,0.000247685
ex1,TyrMes_9,0,0.00032364922259745893,1,0.000354557,0.000312647
ex1,ValMes_0,0,0.028732396682605993,1,0.130162812,0.001852047
ex1,ValMes_1,0,0.17915999186696524,1,0.262186258,0.002558831
ex1,ValMes_2,0,0.38468757108488055,1,0.33951318,0.003094771
ex1,ValMes_3,0,0.32200245824657997,1,0.216691759,0.002807036
ex1,ValMes_4,0,0.07948232660182492,1,0.047322902,0.001641883
ex1,ValMes_5,0,0.005935255517136114,1,0.004123101,0.000161165
Experiment,Fragment_Num,Time,SLSQP,Use,Ratio,Stdev
r50,Acetate-->Acetateex,(kegg:R00483),170.69081750793802,fitting,36.81200288,2.817618538
ex1,AlaMes_0,0,430.8311677728483,1,0.171140607,0.003942274
ex1,AlaMes_1,0,47.7428164912242,1,0.36655829,0.004095035
ex1,AlaMes_2,0,276.7021301717137,1,0.395504987,0.003461009
ex1,AlaMes_3,0,4.415301792547596,1,0.066796116,0.001922232
ex1,AspMes_0,0,345.6779321807214,1,0.049144487,0.001500662
ex1,AspMes_1,0,2681.359422067614,1,0.228266841,0.001263311
ex1,AspMes_2,0,14.781322418656373,1,0.39034445,0.004701597
ex1,AspMes_3,0,186.1560094263382,1,0.289872895,0.004911006
ex1,AspMes_4,0,119.80928037934999,1,0.042371391,0.000752455
ex1,GluMes_0,0,36.94671307616971,1,0.028057926,0.00130279
ex1,GluMes_1,0,0.015914926792943696,1,0.152166879,0.009560901
ex1,GluMes_2,0,184.31752194145477,1,0.434383272,0.003472451
ex1,GluMes_3,0,126.92206403825385,1,0.308256942,0.004261131
ex1,GluMes_4,0,7.840703030759228,1,0.07044202,0.002913858
ex1,GluMes_5,0,41.864168900456455,1,0.006692948,0.000356861
ex1,GlyMes_0,0,3.8741297256315286,1,0.207877356,0.024616888
ex1,GlyMes_1,0,7.636897838200295,1,0.430552914,0.028520617
ex1,GlyMes_2,0,5.16319032629452,1,0.361566924,0.013361463
ex1,IleMes_0,0,2151.786421905564,1,0.041363462,0.000744369
ex1,IleMes_1,0,2239.3196167192136,1,0.220927656,0.003299511
ex1,IleMes_2,0,3639.5808200951446,1,0.353566345,0.002073755
ex1,IleMes_3,0,901.0856595731502,1,0.274680449,0.003129238
ex1,IleMes_4,0,410238.061429694,1,0.093198008,0.000265459
ex1,IleMes_5,0,11498.661022784976,1,0.014998049,0.000450374
ex1,IleMes_6,0,6369.8556617492995,1,0.001266068,4.41059e-05
ex1,PheMes_0,0,0.2239485817341454,1,0.006844172,0.011854454
ex1,PheMes_1,0,117.24396240100594,1,0.047854948,0.003119743
ex1,PheMes_2,0,335.4233181360831,1,0.127898698,0.003279243
ex1,PheMes_3,0,252.8982892557417,1,0.223633308,0.002790501
ex1,PheMes_4,0,3.0769731916221588,1,0.275652343,0.003160414
ex1,PheMes_5,0,369.37980230206745,1,0.205428647,0.003080318
ex1,PheMes_6,0,1189.4485037146999,1,0.089147702,0.001586483
ex1,PheMes_7,0,770.8424506269074,1,0.020496078,0.000762428
ex1,PheMes_8,0,207.97625922354172,1,0.002798793,0.000216208
ex1,PheMes_9,0,3.4910407795601577,1,0.000245349,4.19069e-05
ex1,SerMes_0,0,50.070134627311454,1,0.194448405,0.005561764
ex1,SerMes_1,0,172.48318694544255,1,0.390870552,0.008310146
ex1,SerMes_2,0,34.17126817807324,1,0.35548474,0.003290603
ex1,SerMes_3,0,2955.434048512278,1,0.059196551,0.000929826
ex1,ThrMes_0,0,383.6802781394131,1,0.051675821,0.001553637
ex1,ThrMes_1,0,3954.7344799635166,1,0.246020165,0.001322536
ex1,ThrMes_2,0,46.80889745138018,1,0.385944247,0.003285175
ex1,ThrMes_3,0,522.0315499454655,1,0.281747311,0.003288289
ex1,ThrMes_4,0,30.164175093629815,1,0.034612587,0.002912313
ex1,TyrMes_0,0,98.99523629673556,1,0.020194239,0.001905595
ex1,TyrMes_1,0,631.1262381690858,1,0.0456291,0.001256039
ex1,TyrMes_2,0,395.11503572113753,1,0.125455464,0.002898487
ex1,TyrMes_3,0,57.23997631837809,1,0.21522188,0.004753722
ex1,TyrMes_4,0,27.036648264709978,1,0.261549352,0.003778459
ex1,TyrMes_5,0,417.91597015682675,1,0.208664491,0.002737641
ex1,TyrMes_6,0,1542.8003234490973,1,0.093605233,0.001279522
ex1,TyrMes_7,0,292.64471098430704,1,0.025454851,0.000947533
ex1,TyrMes_8,0,68.23580823648693,1,0.00387081,0.000247685
ex1,TyrMes_9,0,0.009772980226277457,1,0.000354557,0.000312647
ex1,ValMes_0,0,2999.38627660578,1,0.130162812,0.001852047
ex1,ValMes_1,0,1052.8046814079642,1,0.262186258,0.002558831
ex1,ValMes_2,0,213.07258632667077,1,0.33951318,0.003094771
ex1,ValMes_3,0,1407.5020236307432,1,0.216691759,0.002807036
ex1,ValMes_4,0,383.6472831389411,1,0.047322902,0.001641883
ex1,ValMes_5,0,126.42966489846614,1,0.004123101,0.000161165
