Id,Reaction,External ids,final,Type,Value,Stdev, lb,ub,Atom_mapping,Reversible
RSS,,,807754.1900367565
Thres,,,38.885138659830055
p_value,,,0.0
Id,Reaction,External ids,final,Type,Value,Stdev, lb,ub,Atom_mapping,Reversible
r1,SubsGlc-->G6P,(kegg:R02848),1.60705355045603e-14,fixed,0.0,1.0,0.0001,1000.0,ABCDEF-->ABCDEF,no
r2,G6P-->F6P,(kegg:R00771f),330.48222730013345,free,1.0,1.0,0.0001,1000.0,ABCDEF-->ABCDEF,no
r3,F6P-->G6P,(kegg:R00771r),422.4151200797825,free,1.0,1.0,0.0001,1000.0,ABCDEF-->ABCDEF,no
r4,F6P-->FBP,(kegg:R00756),256.92944733383325,free,1.0,1.0,0.0001,1000.0,ABCDEF-->ABCDEF,no
r5,FBP-->F6P,(kegg:R01068f),296.5070875941113,free,1.0,1.0,0.0001,1000.0,ABCDEF-->ABCDEF,no
r6,FBP-->DHAP+GAP,(kegg:R01068r),508.41020142558386,free,1.0,1.0,0.0001,1000.0,ABCDEF-->CBA+DEF,no
r7,DHAP+GAP-->FBP,(kegg:R01015f),547.9878416858618,free,1.0,1.0,0.0001,1000.0,CBA+DEF-->ABCDEF,no
r8,DHAP-->GAP,(kegg:R01015r),765.0993086961984,free,1.0,1.0,0.0001,1000.0,ABC-->ABC,no
r9,GAP-->DHAP,(kegg:R01061f),805.2748889204763,free,1.0,1.0,0.0001,1000.0,ABC-->ABC,no
r10,GAP-->PGA,(kegg:R01061r),407.15157861656854,free,1.0,1.0,0.0001,1000.0,ABC-->ABC,no
r11,PGA-->GAP,(kegg:R01512f),454.44032681784654,free,1.0,1.0,0.0001,1000.0,ABC-->ABC,no
r12,PGA-->PEP,(kegg:R01512r),310.088526067956,free,1.0,1.0,0.0001,1000.0,ABC-->ABC,no
r13,PEP-->PGA,(kegg:R00200),364.297618195234,free,1.0,1.0,0.0001,1000.0,ABC-->ABC,no
r14,PEP-->Pyr,(kegg:R01196),89.06758293156179,free,1.0,1.0,0.0001,1000.0,ABC-->ABC,no
r15,Pyr-->PEP,(kegg:R00351),209.0002211954301,free,1.0,1.0,0.0001,1000.0,ABC-->ABC,no
r16,Pyr-->AcCOA+CO2in,(kegg:R00709f),404.3504880055507,free,1.0,1.0,0.0001,1000.0,ABC-->BC+A,no
r17,AcCOA+Oxa-->IsoCit,(kegg:R00709r),11.431055364681391,free,1.0,1.0,0.0001,1000.0,AB+CDEF-->FEDBAC,no
r18,IsoCit-->aKG+CO2in,(kegg:R01197),9.817146624003676,free,1.0,1.0,0.0001,1000.0,ABCDEF-->ABCDE+F,no
r19,aKG-->Suc+CO2in,(kegg:R02164f),4.81623633500368,free,1.0,1.0,0.0001,1000.0,ABCDE-->BCDE+A,no
r20,Suc-->Fum,(kegg:R02164r),593.7438662186847,free,1.0,1.0,0.0001,1000.0,ABCD-->ABCD,no
r21,Fum-->Suc,(kegg:R01082f),587.3137211430034,free,1.0,1.0,0.0001,1000.0,ABCD-->ABCD,no
r22,Fum-->Mal,(kegg:R01082r),956.2035463882203,free,1.0,1.0,0.0001,1000.0,ABCD-->ABCD,no
r23,Mal-->Fum,(kegg:R00343f),949.7734013125388,free,1.0,1.0,0.0001,1000.0,ABCD-->ABCD,no
r24,Mal-->Oxa,(kegg:R00343r),811.1103369819136,free,1.0,1.0,0.0001,1000.0,ABCD-->ABCD,no
r25,Oxa-->Mal,(kegg:R00344),853.7879598308225,free,1.0,1.0,0.0001,1000.0,ABCD-->ABCD,no
r26,IsoCit+AcCOA-->Mal+Suc,(kegg:R00216),1.6139087406778003,free,1.0,1.0,0.0001,1000.0,ABCDEF+GH-->ABHG+FCDE,no
r27,G6P-->m6PG,(kegg:R00835),90.98267810764914,free,1.0,1.0,0.0001,1000.0,ABCDEF-->ABCDEF,no
r28,m6PG-->Ru5P+CO2in,(kegg:R01528),84.02349726405672,free,1.0,1.0,0.0001,1000.0,ABCDEF-->BCDEF+A,no
r29,Ru5P-->R5P,(kegg:R01056f),285.0028269111424,free,1.0,1.0,0.0001,1000.0,ABCDE-->ABCDE,no
r30,R5P-->Ru5P,(kegg:R01056r),253.6632173874568,free,1.0,1.0,0.0001,1000.0,ABCDE-->ABCDE,no
r31,Ru5P-->Xu5P,(kegg:R01529f),209.82826413408216,free,1.0,1.0,0.0001,1000.0,ABCDE-->ABCDE,no
r32,Xu5P-->Ru5P,(kegg:R01529r),157.14437639371104,free,1.0,1.0,0.0001,1000.0,ABCDE-->ABCDE,no
r33,R5P+Xu5P-->S7P+GAP,(kegg:R01641f),602.6917938743217,free,1.0,1.0,0.0001,1000.0,ABCDE+FGHIJ-->FGABCDE+HIJ,no
r34,GAP+S7P-->Xu5P+R5P,(kegg:R01641r),575.513197573636,free,1.0,1.0,0.0001,1000.0,HIJ+FGABCDE-->FGHIJ+ABCDE,no
r35,GAP+S7P-->F6P+E4P,(kegg:R08575f),507.01438028599966,free,1.0,1.0,0.0001,1000.0,ABC+DEFGHIJ-->DEFABC+GHIJ,no
r36,E4P+F6P-->S7P+GAP,(kegg:R08575r),479.8357839853141,free,1.0,1.0,0.0001,1000.0,GHIJ+DEFABC-->DEFGHIJ+ABC,no
r37,E4P+Xu5P-->F6P+GAP,(kegg:R01067f),83.18368751970085,free,1.0,1.0,0.0001,1000.0,ABCD+EFGHI-->EFABCD+GHI,no
r38,GAP+F6P-->Xu5P+E4P,(kegg:R01067r),57.67839608001529,free,1.0,1.0,0.0001,1000.0,GHI+EFABCD-->EFGHI+ABCD,no
r39,m6PG-->Pyr+GAP,(kegg:R00703),6.9591808435924065,free,1.0,1.0,0.0001,1000.0,ABCDEF-->ABC+DEF,no
r40,PEP+CO2in-->Oxa,(kegg:Lacex),742.1877439462861,free,1.0,1.0,0.0001,1000.0,ABC+D-->ABCD,no
r41,Oxa-->PEP+CO2in,(kegg:SubsGln),679.7973654696958,free,1.0,1.0,0.0001,1000.0,ABCD-->ABC+D,no
r42,Mal-->Pyr+CO2in,(kegg:R00253),50.72167666526813,free,1.0,1.0,0.0001,1000.0,ABCD-->ABC+D,no
r49,AcCOA-->Acetate,(kegg:Aspex),-2.4497085013671054,free,1.0,1.0,0.0001,1000.0,AB-->AB,no
r50,Acetate-->Acetateex,(kegg:R00483),-2.4497085013671054,fitting,36.81200288,2.817618538,0.0001,1000.0,nd,no
r56,SubsCO2-->CO2in,(kegg:SubsVal),87.94559181226585,free,1.0,1.0,0.0001,1000.0,A-->A,no
r57,CO2in-->CO2ex,(kegg:Glu),0.0001,free,1.0,1.0,0.0001,1000.0,nd,no
r58,Pyr-->Ala,(kegg:Arg),10.0,pseudo,1.0,1.0,0.0001,1000.0,ABC-->ABC,no
r59,Oxa-->Asp,(kegg:R00352),10.0,pseudo,1.0,1.0,0.0001,1000.0,ABCD-->ABCD,no
r60,Oxa-->Thr,(kegg:BiomassAcCoA),10.0,pseudo,1.0,1.0,0.0001,1000.0,ABCD-->ABCD,no
r61,aKG-->Glu,(kegg:BiomassG6P),10.0,pseudo,1.0,1.0,0.0001,1000.0,ABCDE-->ABCDE,no
r62,E4P+PEP+PEP-->Phe,(kegg:BiomassR5P),10.0,pseudo,1.0,1.0,0.0001,1000.0,ABCD+EFG+HIJ-->EFGIJABCD,no
r63,E4P+PEP+PEP-->Tyr,(kegg:BiomassDHAP),10.0,pseudo,1.0,1.0,0.0001,1000.0,ABCD+EFG+HIJ-->EFGIJABCD,no
r64,Oxa+Pyr-->Ile,(kegg:R01513),10.0,pseudo,1.0,1.0,0.0001,1000.0,ABCD+EFG-->ABFGCD,no
r65,AcCOA+Pyr+Pyr-->Leu,(kegg:BiomassAla),10.0,pseudo,1.0,1.0,0.0001,1000.0,AB+CDE+FGH-->ABDEGH,no
r66,Pyr+Pyr-->Val,(kegg:BiomassAsp),10.0,pseudo,1.0,1.0,0.0001,1000.0,ABC+DEF-->ABECF,no
r67,PGA-->Ser,(kegg:BiomassAsn),4.301459587,free,1.0,1.0,0.0001,1000.0,ABC-->ABC,no
r68,Ser-->Gly+MEETHF,(kegg:Glu2),803.831138615768,free,1.0,1.0,0.0001,1000.0,ABC-->AB+C,no
r69,Gly+MEETHF-->Ser,(kegg:BiomassGln),801.133455986768,free,1.0,1.0,0.0001,1000.0,AB+C-->ABC,no
r72,G6P-->Biomass,(kegg:BiomassLeu),0.950214672,fixed,0.950214672,1.0,0.0001,1000.0,nd,no
r73,F6P-->Biomass,(kegg:BiomassIle),0.328635221,fixed,0.328635221,1.0,0.0001,1000.0,nd,no
r74,DHAP-->Biomass,(kegg:BiomassVal),0.597939964,fixed,0.597939964,1.0,0.0001,1000.0,nd,no
r75,PGA-->Biomass,(kegg:CO2ex),2.618884339,fixed,2.618884339,1.0,0.0001,1000.0,nd,no
r76,Ser-->Biomass,(kegg:SubsCO2),1.603776958,fixed,1.603776958,1.0,0.0001,1000.0,nd,no
r77,Gly-->Biomass,(keggPGAex),2.697682629,fixed,2.697682629,1.0,0.0001,1000.0,nd,no
r78,MEETHF-->Biomass,(kegg:FAex),3.1472964,fixed,3.1472964,1.0,0.0001,1000.0,nd,no
r79,PEP-->Biomass,(kegg:MAL_cyt),3.33316766,fixed,3.33316766,1.0,0.0001,1000.0,nd,no
r80,Pyr-->Biomass,(kegg:MAL_cyt),13.13150324,fixed,13.13150324,1.0,0.0001,1000.0,nd,no
r81,AcCOA-->Biomass,(kegg:OXA_cyt),13.57184663,fixed,13.57184663,1.0,0.0001,1000.0,nd,no
r82,aKG-->Biomass,(kegg:OXA_cyt),5.000910289,fixed,5.000910289,1.0,0.0001,1000.0,nd,no
r83,Oxa-->Biomass,(kegg:ATP),8.281700263,fixed,8.281700263,1.0,0.0001,1000.0,nd,no
r84,R5P-->Biomass,(kegg:NADH),4.161013223,fixed,4.161013223,1.0,0.0001,1000.0,nd,no
r85,E4P-->Biomass,(kegg:NADPH),1.6733048609999954,fixed,1.673304861,1.0,0.0001,1000.0,nd,no
r86,Ala-->Alaex,(kegg:Arg),10.0,fixed,10.0,1.0,0.0001,1000.0,nd,no
r87,Asp-->Aspex,(kegg:R00352),10.0,fixed,10.0,1.0,0.0001,1000.0,nd,no
r88,Thr-->Threx,(kegg:BiomassAcCoA),10.0,fixed,10.0,1.0,0.0001,1000.0,nd,no
r89,Glu-->Gluex,(kegg:BiomassG6P),10.0,fixed,10.0,1.0,0.0001,1000.0,nd,no
r90,Phe-->Pheex,(kegg:BiomassR5P),10.0,fixed,10.0,1.0,0.0001,1000.0,nd,no
r91,Tyr-->Tyrex,(kegg:BiomassDHAP),10.0,fixed,10.0,1.0,0.0001,1000.0,nd,no
r92,Ile-->Ileex,(kegg:R01513),10.0,fixed,10.0,1.0,0.0001,1000.0,nd,no
r93,Leu-->Leuex,(kegg:BiomassAla),10.0,fixed,10.0,1.0,0.0001,1000.0,nd,no
r94,Val-->Valex,(kegg:BiomassAsp),10.0,fixed,10.0,1.0,0.0001,1000.0,nd,no
r104,Subsmeoh-->meoh,(kegg:MTI/MTII),100.0,fixed,100.0,1.0,0.0001,1000.0,A-->A,no
r105,meoh-->METHF,(kegg:TBD),100.0,free,1.0,1.0,0.0001,1000.0,A-->A,no
r106,METHF-->MEETHF,(kegg:TBD),494.95751172719025,free,1.0,1.0,0.0001,1000.0,A-->A,no
r107,MEETHF-->METHF,(kegg:TBD),494.5078979561902,free,1.0,1.0,0.0001,1000.0,A-->A,no
r108,CO2in+METHF-->AcCOA,(kegg:TBD),99.550386229,free,1.0,1.0,0.0001,1000.0,A+B-->AB,no
r109,AcCOA+CO2in-->Pyr,(kegg:R00709f),479.7337720005585,free,1.0,1.0,0.0001,1000.0,BC+A-->ABC,no
PGI,r2<=>r3,(kegg:R00771),-91.93289277964912,free,1.0,1.0,-300.0,300.0,,
FBA,r4<=>r5,(kegg:R01068),-39.57764026027798,free,1.0,1.0,-300.0,300.0,,
TPI,r8<=>r9,(kegg:R01015),-40.17558022427798,free,1.0,1.0,-300.0,300.0,,
GAPDH,r10<=>r11,(kegg:R01061),-47.28874820127802,free,1.0,1.0,-300.0,300.0,,
PEPH,r12<=>r13,(kegg:R01512),-54.20909212727801,free,1.0,1.0,-300.0,300.0,,
SDH,r20<=>r21,(kegg:R02164),6.430145075681517,free,1.0,1.0,-300.0,300.0,,
MDH,r24<=>r25,(kegg:R00342),-42.6776228489088,free,1.0,1.0,-300.0,300.0,,
RPI,r29<=>r30,(kegg:R01056),31.33960952368561,free,1.0,1.0,-300.0,300.0,,
RBE,r31<=>r32,(kegg:R01529),52.68388774037114,free,1.0,1.0,-300.0,300.0,,
TKT1,r33<=>r34,(kegg:R01641),27.17859630068557,free,1.0,1.0,-300.0,300.0,,
TAL,r35<=>r36,(kegg:R08575),27.17859630068557,free,1.0,1.0,-300.0,300.0,,
TKT2,r37<=>r38,(kegg:R01067),25.50529143968557,free,1.0,1.0,-300.0,300.0,,
FH,r22<=>r23,(kegg:R01082),6.430145075681514,free,1.0,1.0,-300.0,300.0,,
THF,r106<=>r107,(kegg:TBD),0.4496137710000001,free,1.0,1.0,-300.0,300.0,,
PFOR,r16<=>r109,(kegg:R00709f),-75.38328399500777,free,1.0,1.0,-300.0,300.0,,
Experiment,Fragment_Num,Time,final,Use,Ratio,Stdev
ex1,AlaMes_0,0,0.10070778803965322,1,0.171140607,0.003942274
ex1,AlaMes_1,0,0.4104823636716806,1,0.36655829,0.004095035
ex1,AlaMes_2,0,0.4421281393558565,1,0.395504987,0.003461009
ex1,AlaMes_3,0,0.04668170893277702,1,0.066796116,0.001922232
ex1,AspMes_0,0,0.033943002997902254,1,0.049144487,0.001500662
ex1,AspMes_1,0,0.2023497791287212,1,0.228266841,0.001263311
ex1,AspMes_2,0,0.41320228151972327,1,0.39034445,0.004701597
ex1,AspMes_3,0,0.30923883880610425,1,0.289872895,0.004911006
ex1,AspMes_4,0,0.04126609754749894,1,0.042371391,0.000752455
ex1,GluMes_0,0,0.030244972112556966,1,0.028057926,0.00130279
ex1,GluMes_1,0,0.1846914043493941,1,0.152166879,0.009560901
ex1,GluMes_2,0,0.39209761529710635,1,0.434383272,0.003472451
ex1,GluMes_3,0,0.32056251561361265,1,0.308256942,0.004261131
ex1,GluMes_4,0,0.06836803611836456,1,0.07044202,0.002913858
ex1,GluMes_5,0,0.0040354565089088575,1,0.006692948,0.000356861
ex1,GlyMes_0,0,0.19056956938751915,1,0.207877356,0.024616888
ex1,GlyMes_1,0,0.5105441885410983,1,0.430552914,0.028520617
ex1,GlyMes_2,0,0.2988862420713605,1,0.361566924,0.013361463
ex1,IleMes_0,0,0.010294324830150555,1,0.041363462,0.000744369
ex1,IleMes_1,0,0.0825624559265679,1,0.220927656,0.003299511
ex1,IleMes_2,0,0.254115302184574,1,0.353566345,0.002073755
ex1,IleMes_3,0,0.3664190977644285,1,0.274680449,0.003129238
ex1,IleMes_4,0,0.23548796640208755,1,0.093198008,0.000265459
ex1,IleMes_5,0,0.048135702054581134,1,0.014998049,0.000450374
ex1,IleMes_6,0,0.0029851508375397275,1,0.001266068,4.41059e-05
ex1,PheMes_0,0,0.001456930243451139,1,0.006844172,0.011854454
ex1,PheMes_1,0,0.01594154667519589,1,0.047854948,0.003119743
ex1,PheMes_2,0,0.07393044472674674,1,0.127898698,0.003279243
ex1,PheMes_3,0,0.18826508503658929,1,0.223633308,0.002790501
ex1,PheMes_4,0,0.28476017660907765,1,0.275652343,0.003160414
ex1,PheMes_5,0,0.2581555838583763,1,0.205428647,0.003080318
ex1,PheMes_6,0,0.13483242687885336,1,0.089147702,0.001586483
ex1,PheMes_7,0,0.03734413950012671,1,0.020496078,0.000762428
ex1,PheMes_8,0,0.005051228560376038,1,0.002798793,0.000216208
ex1,PheMes_9,0,0.00026243791107342826,1,0.000245349,4.19069e-05
ex1,SerMes_0,0,0.18488311442546132,1,0.194448405,0.005561764
ex1,SerMes_1,0,0.5011830302242248,1,0.390870552,0.008310146
ex1,SerMes_2,0,0.3053645439549864,1,0.35548474,0.003290603
ex1,SerMes_3,0,0.008569311395305045,1,0.059196551,0.000929826
ex1,ThrMes_0,0,0.033943002997902254,1,0.051675821,0.001553637
ex1,ThrMes_1,0,0.20234977912872118,1,0.246020165,0.001322536
ex1,ThrMes_2,0,0.41320228151972327,1,0.385944247,0.003285175
ex1,ThrMes_3,0,0.30923883880610425,1,0.281747311,0.003288289
ex1,ThrMes_4,0,0.04126609754749894,1,0.034612587,0.002912313
ex1,TyrMes_0,0,0.001456930243451139,1,0.020194239,0.001905595
ex1,TyrMes_1,0,0.01594154667519589,1,0.0456291,0.001256039
ex1,TyrMes_2,0,0.07393044472674674,1,0.125455464,0.002898487
ex1,TyrMes_3,0,0.18826508503658929,1,0.21522188,0.004753722
ex1,TyrMes_4,0,0.28476017660907765,1,0.261549352,0.003778459
ex1,TyrMes_5,0,0.2581555838583763,1,0.208664491,0.002737641
ex1,TyrMes_6,0,0.13483242687885336,1,0.093605233,0.001279522
ex1,TyrMes_7,0,0.03734413950012671,1,0.025454851,0.000947533
ex1,TyrMes_8,0,0.005051228560376038,1,0.00387081,0.000247685
ex1,TyrMes_9,0,0.00026243791107342826,1,0.000354557,0.000312647
ex1,ValMes_0,0,0.030542927597484892,1,0.130162812,0.001852047
ex1,ValMes_1,0,0.1873719437042076,1,0.262186258,0.002558831
ex1,ValMes_2,0,0.39767117665424173,1,0.33951318,0.003094771
ex1,ValMes_3,0,0.319906861379649,1,0.216691759,0.002807036
ex1,ValMes_4,0,0.06113017957268435,1,0.047322902,0.001641883
ex1,ValMes_5,0,0.003376911091679203,1,0.004123101,0.000161165
Experiment,Fragment_Num,Time,final,Use,Ratio,Stdev
r50,Acetate-->Acetateex,(kegg:R00483),194.1663918755819,fitting,36.81200288,2.817618538
ex1,AlaMes_0,0,319.1953307662032,1,0.171140607,0.003942274
ex1,AlaMes_1,0,115.05089105874467,1,0.36655829,0.004095035
ex1,AlaMes_2,0,181.4670634669831,1,0.395504987,0.003461009
ex1,AlaMes_3,0,109.49716230790939,1,0.066796116,0.001922232
ex1,AspMes_0,0,102.61390208292005,1,0.049144487,0.001500662
ex1,AspMes_1,0,420.8729128163574,1,0.228266841,0.001263311
ex1,AspMes_2,0,23.636286930272306,1,0.39034445,0.004701597
ex1,AspMes_3,0,15.550215256752093,1,0.289872895,0.004911006
ex1,AspMes_4,0,2.157715244709966,1,0.042371391,0.000752455
ex1,GluMes_0,0,2.818169090507676,1,0.028057926,0.00130279
ex1,GluMes_1,0,11.572422798671147,1,0.152166879,0.009560901
ex1,GluMes_2,0,148.29069721458632,1,0.434383272,0.003472451
ex1,GluMes_3,0,8.339767698749016,1,0.308256942,0.004261131
ex1,GluMes_4,0,0.5066102663880124,1,0.07044202,0.002913858
ex1,GluMes_5,0,55.45562305337261,1,0.006692948,0.000356861
ex1,GlyMes_0,0,0.49432976894389835,1,0.207877356,0.024616888
ex1,GlyMes_1,0,7.86624375902286,1,0.430552914,0.028520617
ex1,GlyMes_2,0,22.00692678586793,1,0.361566924,0.013361463
ex1,IleMes_0,0,1742.1350908873865,1,0.041363462,0.000744369
ex1,IleMes_1,0,1758.5494686326772,1,0.220927656,0.003299511
ex1,IleMes_2,0,2299.8726594347413,1,0.353566345,0.002073755
ex1,IleMes_3,0,859.4635979318524,1,0.274680449,0.003129238
ex1,IleMes_4,0,287311.8884699714,1,0.093198008,0.000265459
ex1,IleMes_5,0,5413.733481602462,1,0.014998049,0.000450374
ex1,IleMes_6,0,1519.148510620639,1,0.001266068,4.41059e-05
ex1,PheMes_0,0,0.20652366287393426,1,0.006844172,0.011854454
ex1,PheMes_1,0,104.64260667960524,1,0.047854948,0.003119743
ex1,PheMes_2,0,270.8504264300512,1,0.127898698,0.003279243
ex1,PheMes_3,0,160.64311411608156,1,0.223633308,0.002790501
ex1,PheMes_4,0,8.305049434330224,1,0.275652343,0.003160414
ex1,PheMes_5,0,293.0042883071719,1,0.205428647,0.003080318
ex1,PheMes_6,0,829.2226995714869,1,0.089147702,0.001586483
ex1,PheMes_7,0,488.3174046230875,1,0.020496078,0.000762428
ex1,PheMes_8,0,108.53285600505494,1,0.002798793,0.000216208
ex1,PheMes_9,0,0.16628677406720405,1,0.000245349,4.19069e-05
ex1,SerMes_0,0,2.957816462343713,1,0.194448405,0.005561764
ex1,SerMes_1,0,176.2105776278005,1,0.390870552,0.008310146
ex1,SerMes_2,0,231.9928197305423,1,0.35548474,0.003290603
ex1,SerMes_3,0,2964.593318553338,1,0.059196551,0.000929826
ex1,ThrMes_0,0,130.27359639923387,1,0.051675821,0.001553637
ex1,ThrMes_1,0,1090.3327413779596,1,0.246020165,0.001322536
ex1,ThrMes_2,0,68.84494478567359,1,0.385944247,0.003285175
ex1,ThrMes_3,0,69.89688030677164,1,0.281747311,0.003288289
ex1,ThrMes_4,0,5.2194603371814186,1,0.034612587,0.002912313
ex1,TyrMes_0,0,96.68369000454486,1,0.020194239,0.001905595
ex1,TyrMes_1,0,558.6535530042387,1,0.0456291,0.001256039
ex1,TyrMes_2,0,316.004750988426,1,0.125455464,0.002898487
ex1,TyrMes_3,0,32.15651311153224,1,0.21522188,0.004753722
ex1,TyrMes_4,0,37.73563926760874,1,0.261549352,0.003778459
ex1,TyrMes_5,0,326.8143330888669,1,0.208664491,0.002737641
ex1,TyrMes_6,0,1038.1785133059977,1,0.093605233,0.001279522
ex1,TyrMes_7,0,157.44288628109948,1,0.025454851,0.000947533
ex1,TyrMes_8,0,22.712903030076966,1,0.00387081,0.000247685
ex1,TyrMes_9,0,0.08681419381388353,1,0.000354557,0.000312647
ex1,ValMes_0,0,2893.263974572013,1,0.130162812,0.001852047
ex1,ValMes_1,0,854.8426709131342,1,0.262186258,0.002558831
ex1,ValMes_2,0,353.1521374045302,1,0.33951318,0.003094771
ex1,ValMes_3,0,1352.043082300619,1,0.216691759,0.002807036
ex1,ValMes_4,0,70.7182815826432,1,0.047322902,0.001641883
ex1,ValMes_5,0,21.436667779306504,1,0.004123101,0.000161165
